{"stats":{"minecraft:used":{"minecraft:wooden_hoe":23,"bettermcdonaldsmod:hamburger":1,"minecraft:melon_slice":13,"minecraft:stone_pickaxe":15,"minecraft:map":1,"minecraft:wooden_pickaxe":11,"minecraft:stone_axe":74,"minecraft:orange_bed":1,"minecraft:crafting_table":3,"minecraft:furnace":1,"minecraft:porkchop":1,"minecraft:smoker":1},"minecraft:crafted":{"bettermcdonaldsmod:raw_bacon":32,"bettermcdonaldsmod:beef_patty":2,"minecraft:stone_shovel":1,"minecraft:wooden_hoe":1,"minecraft:crafting_table":3,"bettermcdonaldsmod:cooked_beef_patty":2,"minecraft:stick":12,"bettermcdonaldsmod:cooked_bacon":5,"bettermcdonaldsmod:hamburger":2,"minecraft:iron_ingot":1,"minecraft:wooden_pickaxe":1,"minecraft:stone_pickaxe":1,"minecraft:stone_sword":1,"minecraft:furnace":1,"minecraft:acacia_planks":24,"bettermcdonaldsmod:knife":1,"minecraft:stone_axe":1,"minecraft:air":0,"minecraft:bread":39,"minecraft:wheat":117},"minecraft:killed":{"minecraft:sheep":15,"minecraft:skeleton":1,"minecraft:pig":10,"minecraft:cow":7},"minecraft:picked_up":{"minecraft:raw_iron":1,"minecraft:leather":10,"minecraft:acacia_log":13,"minecraft:smoker":1,"minecraft:porkchop":17,"minecraft:orange_bed":2,"minecraft:arrow":1,"minecraft:wheat_seeds":11,"minecraft:hay_block":23,"minecraft:beef":11,"minecraft:cobblestone":19,"minecraft:black_wool":1,"minecraft:melon_slice":92,"minecraft:melon_seeds":1,"minecraft:sugar_cane":4,"minecraft:mutton":21,"minecraft:coal":5,"minecraft:white_wool":14},"minecraft:custom":{"minecraft:time_since_rest":4745,"minecraft:interact_with_furnace":7,"minecraft:sprint_one_cm":63139,"minecraft:damage_taken":140,"minecraft:walk_one_cm":28855,"minecraft:mob_kills":33,"minecraft:drop":2,"minecraft:damage_dealt":2990,"minecraft:swim_one_cm":2226,"minecraft:interact_with_crafting_table":6,"minecraft:fly_one_cm":107968,"minecraft:open_chest":5,"minecraft:crouch_one_cm":7391,"minecraft:play_time":16261,"minecraft:sneak_time":1179,"minecraft:walk_under_water_one_cm":211,"minecraft:jump":458,"minecraft:interact_with_smoker":5,"minecraft:leave_game":2,"minecraft:time_since_death":16261,"minecraft:walk_on_water_one_cm":276,"minecraft:sleep_in_bed":1,"minecraft:total_world_time":16261,"minecraft:fall_one_cm":17542},"minecraft:dropped":{"minecraft:wheat_seeds":11,"minecraft:wooden_pickaxe":1},"minecraft:mined":{"minecraft:hay_block":23,"minecraft:iron_ore":1,"minecraft:smoker":1,"minecraft:grass":5,"minecraft:acacia_log":13,"minecraft:coal_ore":5,"minecraft:melon":21,"minecraft:tall_grass":1,"minecraft:stone":19,"minecraft:sugar_cane":2,"minecraft:orange_bed":2}},"DataVersion":3465}