{"stats":{"minecraft:killed":{"minecraft:sheep":12,"minecraft:pig":8,"minecraft:cow":7},"minecraft:mined":{"minecraft:hay_block":23,"minecraft:smoker":1,"minecraft:grass":5,"minecraft:acacia_log":13,"minecraft:coal_ore":2,"minecraft:melon":21,"minecraft:tall_grass":1,"minecraft:stone":9,"minecraft:sugar_cane":2,"minecraft:orange_bed":1},"minecraft:dropped":{"minecraft:wheat_seeds":11,"minecraft:wooden_pickaxe":1},"minecraft:crafted":{"minecraft:stone_shovel":1,"minecraft:wooden_hoe":1,"minecraft:crafting_table":2,"minecraft:stick":12,"minecraft:wooden_pickaxe":1,"minecraft:stone_pickaxe":1,"minecraft:stone_sword":1,"minecraft:acacia_planks":24,"minecraft:stone_axe":1,"minecraft:bread":39,"minecraft:wheat":117},"minecraft:picked_up":{"minecraft:leather":10,"minecraft:acacia_log":13,"minecraft:smoker":1,"minecraft:porkchop":14,"minecraft:orange_bed":1,"minecraft:wheat_seeds":11,"minecraft:hay_block":23,"minecraft:beef":11,"minecraft:sugar_cane":4,"minecraft:melon_seeds":1,"minecraft:melon_slice":92,"minecraft:black_wool":1,"minecraft:mutton":19,"minecraft:coal":2,"minecraft:white_wool":11,"minecraft:cobblestone":9},"minecraft:used":{"minecraft:wooden_hoe":23,"minecraft:stone_pickaxe":1,"minecraft:melon_slice":10,"minecraft:map":1,"minecraft:wooden_pickaxe":11,"minecraft:stone_axe":66,"minecraft:crafting_table":2,"minecraft:porkchop":1},"minecraft:custom":{"minecraft:time_since_rest":10280,"minecraft:sprint_one_cm":46396,"minecraft:damage_taken":80,"minecraft:walk_one_cm":22605,"minecraft:mob_kills":27,"minecraft:drop":2,"minecraft:damage_dealt":2460,"minecraft:swim_one_cm":1322,"minecraft:interact_with_crafting_table":4,"minecraft:fly_one_cm":82418,"minecraft:open_chest":5,"minecraft:crouch_one_cm":5511,"minecraft:play_time":10280,"minecraft:sneak_time":844,"minecraft:walk_under_water_one_cm":123,"minecraft:jump":331,"minecraft:leave_game":1,"minecraft:walk_on_water_one_cm":135,"minecraft:time_since_death":10280,"minecraft:total_world_time":10280,"minecraft:fall_one_cm":14138}},"DataVersion":3465}