{"stats":{"minecraft:used":{"bettermcdonaldsmod:hamburger":1,"minecraft:stone_pickaxe":17,"minecraft:wooden_pickaxe":11,"jeg:assault_rifle":72,"minecraft:orange_bed":1,"minecraft:crafting_table":3,"minecraft:smoker":1,"jeg:grenade":1,"jeg:bolt_action_rifle":4,"minecraft:wooden_hoe":23,"minecraft:melon_slice":13,"minecraft:map":1,"minecraft:stone_axe":75,"minecraft:furnace":1,"jeg:revolver":33,"minecraft:porkchop":1},"minecraft:killed":{"minecraft:pig":20,"minecraft:creeper":1,"minecraft:sheep":21,"minecraft:skeleton":1,"minecraft:donkey":1,"minecraft:chicken":3,"minecraft:cow":15},"minecraft:dropped":{"minecraft:wheat_seeds":11,"minecraft:wooden_pickaxe":1},"minecraft:custom":{"minecraft:interact_with_furnace":7,"minecraft:mob_kills":62,"minecraft:interact_with_crafting_table":6,"minecraft:leave_game":6,"minecraft:time_since_death":30761,"minecraft:sleep_in_bed":1,"minecraft:time_since_rest":19245,"minecraft:sprint_one_cm":77229,"minecraft:damage_taken":140,"minecraft:walk_one_cm":34794,"minecraft:drop":2,"minecraft:damage_dealt":2990,"minecraft:swim_one_cm":2226,"minecraft:fly_one_cm":196222,"minecraft:open_chest":5,"minecraft:crouch_one_cm":7896,"minecraft:play_time":30761,"minecraft:sneak_time":1272,"minecraft:walk_under_water_one_cm":211,"minecraft:jump":517,"minecraft:walk_on_water_one_cm":276,"minecraft:interact_with_smoker":6,"minecraft:total_world_time":30761,"minecraft:fall_one_cm":19005},"minecraft:crafted":{"minecraft:stone_shovel":1,"minecraft:crafting_table":3,"bettermcdonaldsmod:cooked_beef_patty":2,"bettermcdonaldsmod:cooked_bacon":11,"minecraft:wooden_pickaxe":1,"minecraft:furnace":1,"bettermcdonaldsmod:knife":1,"minecraft:stone_axe":1,"minecraft:bread":39,"minecraft:air":0,"bettermcdonaldsmod:raw_bacon":32,"bettermcdonaldsmod:beef_patty":2,"minecraft:wooden_hoe":1,"minecraft:stick":12,"bettermcdonaldsmod:hamburger":2,"minecraft:iron_ingot":1,"minecraft:stone_pickaxe":1,"minecraft:stone_sword":1,"minecraft:acacia_planks":24,"minecraft:wheat":117},"minecraft:picked_up":{"minecraft:crafting_table":1,"minecraft:chicken":2,"minecraft:leather":10,"minecraft:smoker":2,"minecraft:gunpowder":2,"jeg:grenade":1,"minecraft:wheat_seeds":11,"minecraft:beef":11,"minecraft:melon_slice":92,"minecraft:sugar_cane":4,"minecraft:furnace":1,"minecraft:raw_iron":1,"minecraft:acacia_log":13,"minecraft:porkchop":17,"minecraft:orange_bed":2,"minecraft:arrow":1,"minecraft:hay_block":23,"minecraft:black_wool":1,"minecraft:melon_seeds":1,"minecraft:cobblestone":19,"minecraft:mutton":27,"minecraft:coal":5,"minecraft:white_wool":15},"minecraft:mined":{"minecraft:smoker":2,"minecraft:crafting_table":1,"minecraft:acacia_log":13,"minecraft:melon":21,"minecraft:tall_grass":1,"minecraft:sugar_cane":2,"minecraft:hay_block":23,"minecraft:furnace":1,"minecraft:iron_ore":1,"minecraft:grass":5,"minecraft:coal_ore":5,"minecraft:stone":19,"minecraft:orange_bed":2}},"DataVersion":3465}