{"stats":{"minecraft:used":{"minecraft:porkchop":3},"minecraft:killed":{"minecraft:pig":2},"minecraft:custom":{"minecraft:jump":257,"minecraft:time_since_rest":84,"minecraft:deaths":1,"minecraft:damage_dealt":206,"minecraft:walk_on_water_one_cm":34,"minecraft:leave_game":4,"minecraft:play_time":15758,"minecraft:sprint_one_cm":40204,"minecraft:damage_taken":230,"minecraft:time_since_death":58,"minecraft:walk_one_cm":2896,"minecraft:total_world_time":15758,"minecraft:walk_under_water_one_cm":387,"minecraft:mob_kills":2,"minecraft:swim_one_cm":6797,"minecraft:fall_one_cm":10656,"minecraft:fly_one_cm":62013},"minecraft:picked_up":{"bettermcdonaldsmod:lettuce_seeds":6,"minecraft:wheat_seeds":22,"minecraft:porkchop":5},"minecraft:mined":{"minecraft:tall_grass":23,"minecraft:grass":194}},"DataVersion":3465}