{"stats":{"minecraft:mined":{"jeg:scrap_ore":10,"minecraft:crafting_table":2,"minecraft:granite":2,"minecraft:blast_furnace":1,"minecraft:acacia_log":4,"minecraft:tall_grass":25,"jeg:deepslate_scrap_ore":3,"minecraft:furnace":2,"minecraft:iron_ore":37,"minecraft:wheat":2,"minecraft:yellow_bed":1,"minecraft:grass":205,"minecraft:oak_log":5,"minecraft:coal_ore":12,"minecraft:cobblestone_slab":1,"minecraft:deepslate_iron_ore":2,"minecraft:stone":21},"minecraft:picked_up":{"minecraft:crafting_table":2,"minecraft:wheat":1,"minecraft:chainmail_boots":1,"minecraft:leather":9,"minecraft:oak_log":5,"minecraft:chainmail_chestplate":1,"jeg:scrap":26,"minecraft:yellow_bed":1,"minecraft:gunpowder":2,"minecraft:string":1,"jeg:grenade":1,"minecraft:armor_stand":1,"simplehats:sausage":1,"minecraft:bone":1,"minecraft:wheat_seeds":27,"minecraft:beef":10,"minecraft:iron_pickaxe":1,"jeg:tech_trash":2,"minecraft:furnace":2,"minecraft:raw_iron":39,"simplehats:hatbag_common":1,"minecraft:acacia_log":4,"minecraft:porkchop":5,"minecraft:blast_furnace":1,"minecraft:arrow":2,"minecraft:rotten_flesh":1,"minecraft:chainmail_leggings":1,"bettermcdonaldsmod:lettuce_seeds":6,"minecraft:granite":2,"minecraft:chainmail_helmet":1,"minecraft:mutton":5,"minecraft:coal":25,"minecraft:white_wool":3,"minecraft:cobblestone":21},"minecraft:custom":{"minecraft:interact_with_furnace":12,"minecraft:mob_kills":17,"minecraft:interact_with_crafting_table":10,"minecraft:leave_game":6,"minecraft:time_since_death":29689,"minecraft:sleep_in_bed":1,"minecraft:time_since_rest":274,"minecraft:sprint_one_cm":140249,"minecraft:damage_taken":708,"minecraft:walk_one_cm":42607,"minecraft:drop":2,"minecraft:damage_dealt":2276,"minecraft:talked_to_villager":2,"minecraft:swim_one_cm":8862,"minecraft:fly_one_cm":221462,"minecraft:open_chest":5,"minecraft:crouch_one_cm":10461,"minecraft:play_time":45389,"minecraft:deaths":1,"minecraft:sneak_time":2864,"minecraft:walk_under_water_one_cm":1217,"minecraft:jump":956,"minecraft:walk_on_water_one_cm":1629,"minecraft:total_world_time":45389,"minecraft:fall_one_cm":34706},"minecraft:killed":{"minecraft:pig":2,"minecraft:spider":1,"minecraft:creeper":1,"minecraft:sheep":3,"minecraft:skeleton":1,"minecraft:zombie":2,"friendsandfoes:mauler":1,"minecraft:cow":6},"minecraft:used":{"minecraft:cooked_mutton":5,"minecraft:stone_pickaxe":75,"minecraft:wooden_pickaxe":8,"minecraft:rotten_flesh":1,"minecraft:crafting_table":2,"minecraft:granite":2,"minecraft:bread":2,"minecraft:iron_pickaxe":8,"minecraft:stone_axe":32,"minecraft:cobblestone":4,"minecraft:furnace":2,"minecraft:porkchop":3,"minecraft:yellow_bed":1},"minecraft:dropped":{"minecraft:wooden_pickaxe":1,"minecraft:armor_stand":1},"minecraft:crafted":{"minecraft:oak_planks":20,"minecraft:stone_shovel":1,"minecraft:crafting_table":1,"minecraft:wooden_pickaxe":1,"minecraft:iron_helmet":1,"minecraft:furnace":1,"minecraft:stone_axe":1,"minecraft:cooked_mutton":5,"minecraft:air":0,"minecraft:iron_boots":1,"minecraft:iron_chestplate":1,"minecraft:shield":1,"minecraft:stick":12,"minecraft:iron_ingot":34,"minecraft:iron_pickaxe":1,"minecraft:stone_pickaxe":1,"minecraft:stone_sword":1,"minecraft:iron_leggings":1,"minecraft:acacia_planks":12}},"DataVersion":3465}